categoria;resposta;d01;d02;d03;d04;d05;d06;d07;d08;d09;d10;d11;d12
Conceito;NR17;Estabelece parâmetros legais a serem seguidos no trabalho;Também trata das condições ambientais do trabalho;É uma Norma Regulamentadora;Criada em 08 de Junho de 1978;Essa norma contempla aspectos da organização do trabalho;Volte 3 casas;Dividiu a Ergonomia em três áreas;Em um de seus anexos, inclui o trabalho de operadores de checkout;Um palpite a qualquer hora;Em 2021 foi reformulada;Também retrata sobre os equipamentos nos posto trabalho;Regulamenta condições sanitárias
Conceito;Tarefa;É dividida em explicitada, esperada, apropriada, compreendida e efetiva;Impõe um modo de trabalho em relação ao tempo disponível;Também são procedimentos a serem cumpridos;Um dos seus objetivos é reduzir o trabalho improdutivo;"O oposto de ""atividade""";Integra em maior ou menor grau a definição de modos operatórios;Conjunto de prescrições definidas pela gestão;Avance 3 casas;Não leva em consideração as variabilidades dos indivíduos e da organização;Relacionada a condições determinadas e resultados antecipados;Pode ser escrita, falada ou esperada;Perca sua vez
Conceito;Trabalho;Principal objeto de análise da ergonomia;Perca sua vez;Pode ser humano ou animal;Foi um elemento central nos estudos de Marx e Engels;Dizem que fazê-lo dignifica o homem;Pode ser analisado pelo viés sociológico, econômico, da gestão ou da ergonomia;Produz riqueza para a sociedade;A economia o compreende a partir do valor poduzido;Avance uma casa;É uma área de interesse de estudos sobre o ser humano;Para a Ergonomia, é o que os trabalhadores realizam numa dada organização e em condições e regras previamente determinadas;Um palpite a qualquer hora
Conceito;Atividade;Avance uma casa;É a execução do que foi prescrito;É feita para cumprir metas;"Pode ser chamada de ""tarefa efetiva""";Sem ela não existe trabalho;É o conjunto de fenômenos que caracterizam o ser vivo em ação;Relacionada com os conceitos de carga de trabalho, modo operatório, variabilidade e regulação;Situada em um determinado contexto material, social e histórico;Pode apresentar constragimentos;Volte uma casa;"É ""como"" o trabalho é feito";Relacionado à capacidade de transformar o trabalho e transformar a si próprio
Conceito;Demanda;Se relaciona com as condições do trabalho;Pode se relacionar com a insalubridade;Pode estar relacionada às dimensões dos homens e equipamentos;Esta relacionada à adaptação de ferramentas e às instruções de trabalho;Pode estar relacionada à organização do trabalho;Na ergonomia, ela pode também estar voltada para a busca de critérios e definições para a concepção das salas de controle de forma amelhorar a compreensão humana da cognição;Volte 2 casas;Avance 1 casa;Pode também ser considerada social;Os conhecimentos praticados na ação ergonômica são com base nela;Evidencia a problemática do trabalho;Possui variabilidades
Conceito;Erro Humano ;Associado a resultados não desejáveis;Normalmente considerado como a causa principal de acidentes;Perca sua vez;James Reason é considerado o grande precursor do tema;"Pode vir associado à ideia de ""violação de regras""";Dizem que ele é involuntário, enquanto a violação das regras é voluntária;Avance 1 casa;Utilizado como forma de culpar a vítima de um acidente;Pode ser dividido em engano, lapso e deslize;"É sinônimo de ""ato inseguro""";René Amalberti é um pesquisador que estudou bastante esse tema;Dizem que é humano cometê-lo
Conceito;Variabilidade;Pode ser individual, coletiva ou organizacional;Volte uma casa;Em relação ao indivíduo, envolve questões biológicas, emocionais e sociais;Pode ser sinônimo de incerteza ou imprevisto;Em relação à organização, pode estar relacionada com equipamentos, matéria-prima ou terceiros;Justifica as estratégias e regulações utilizadas pelo trabalhador;Avance 3 casas;Algumas delas são previstas e outras imprevistas;Mostra que nenhum planejamento é 100% eficaz;Pode ser de dois tipos: normal e incidental;Algumas delas são sazonais;Mostra a riqueza do trabalho real
Conceito;Constrangimento ;Perca sua vez;É a exigência imposta ao trabalhador;Pode ou não gerar desconfortos e doenças do trabalho;"Traduzação literal de ""contrainte"" em francês";"Na ergonomia brasileira, ganhou a conotação de ""embaraço"" ou ""situação difícil""";Avance 3 casas;Pode afetar a saúde do trabalhador;"Em algumas situações, o termo ""exigência"" se mostrou mais adequado";Pode gerar sobrecarga ou estresse;No sentido geral, pode ser sinônimo de coação (violência física ou moral exercida contra alguém);No meio jurídico, pode se tipificado como crime;Reconhecê-lo possibilita a introdução de melhorias na situação de trabalho
Pessoa ;Trabalhador;Peça chave para a empresa;Executa a tarefa apropriada;Possui características próprias e individuais;Volte 1 casa;As situações de trabalho o afetam diretamente;O trabalho deve se adaptar a ele;A atividade é o resultado de sua ação na função;Desenvolve estratégias e regulações para lidar com a variabilidade;A ergonomia preza pela sua saúde;É objeto de estudo de muitos pesquisadores;A ergonomia da atividade tem como objetivo compreender o que ele faz no trabalho;Está susceptível a inúmeros riscos no ambiente de trabalho
Conceito;Análise Ergonômica do Trabalho;Tem as suas origens na obra de Faverge e Ombredane de 1955;Método clássico da Ergonomia da Atividade;Guérin e colaboradores tratam deste método em seu livro;Se inicia na Análise da Demanda;Volte 3 casas;Uma das etapas principais do método é a Análise da Tarefa e da Atividade;Finaliza com o diagnóstico ergonômico e a proposição de soluções;Está presenta na NR-17;Avance uma casa;Método cuja a sigla em francês é a mesma do português;A fase de tratamento de dados permite utilizar ferramentas quantitativas e qualitativas de análise;Embora seja dividida em etapas, não há um limite bem definido entre elas
Data ;Século XVIII;A Inglaterra teve grande destaque nesse período;Época que aconteceu a Revolução Industrial;Avance uma casa;Iniciou-se a transformação da relação entre o homem e o trabalho;Surgimento da indústria e consolidação do processo de formação do capitalismo;Início do processo de transformação do trabalho artesanal pelo trabalho nas fábricas;Princípio da priorização da produtividade em detrimento das condições de trabalho ;Volte 3 casas;Surgimento das primeiras organizações de trabalhadores (mais conhecidas como sindicatos);Nessa época, nem se pensava em ergonomia;Marcado pelo adoecimento em massa dos trabalhadores;Surgimento dos primeiros modelos de produção
Livro;Análise do Trabalho;Obra de Faverge e Ombredane;Publicado em 1955;A obra apresenta uma metodologia original que conjuga a seleção, a formação e a qualificação do trabalho com a transformação deste;Primeiro livro no campo da ergonomia;Volte 1 casa;Contribuiu para ampliar o campo da psicologia do trabalho;Mostrou que para conhecer o trabalho deve-se observar onde ele acontece e perguntar aos operadores “o que há a fazer e como o fazem?”;Avance 3 casas;Sua publicação é um marco para a análise ergonômica do trabalho;Os autores são um dos primeiros a colocar em evidência a discrepância entre o trabalho prescrito e o trabalho real;Os autores raramente usam o termo atividade;A obra impulsionou o desenvolvimento da ergonomia centrada na análise da atividade
Conceito;Diagnóstico Ergonômico;Construído a partir da análise da atividade;É uma fase essencial da AET;Fase final da Análise Ergonômica do Trabalho;Pode ser local ou global;A partir dele, fazem-se as proposições de solução;Retorne 3 casas;É importante dar ampla divulgação a ele na empresa;Deve ter uma visão holística;Evidencia os aspectos principais da análise ergonômica realizada;É o último estágio da AET;A partir dele, iniciamos a fase de projeto do trabalho;Avance 1 casa
Conceito;Qualidade;É uma das contribuições oferecidas pela ergonomia;Fora do trabalho, pode estar relacionada à alimentação ou ao sono;Ferramentas como PDCA e Kaizen buscam avaliá-la;Podem ser estabelecidas condições ambientais para atender esse conceito;Perca sua vez;Muitas vezes associada somente à produção e negligenciada quando pensamos no indivíduo ou no meio-ambiente;Está atrelada a eficiência produtiva;O seu ganho pode aparecer como uma demanda da ergonomia;A diferença entre aquela considerada pelo trabalhador e aquela considerada pela gestão pode gerar riscos psicossociais no trabalho;Avance 3 casas;"A ""de vida"" virou uma expressão muito popular";Um palpite a qualquer hora
Conceito;Saúde do Trabalhador;É um dos objetivos da Ergonomia;Avance 1 casa;É afetada pelos riscos no trabalho;O trabalho deve favorecê-la mas pode prejudicá-la;Perca sua vez;Pode ser afetada a longo ou a curto prazo;É um componente do Sistema Nacional de Vigilância em Saúde;O CEREST é um Centro de Referência nela;A sua promoção também se dá por um conjunto de atividades de vigilância epidemiológica e sanitária;Refere-se a um campo do saber que visa compreender as relações entre o trabalho e o processo saúde-doença;A Norma Regulamentadora 17 aborda esse conceito, considerando aspectos físicos e psíquicos relacionados a atividade de trabalho;Configura-se como um campo de práticas e de conhecimentos interdisciplinares voltados para analisar e intervir nas relações de trabalho de maneira a protegê-la
Conceito;Ergonomia;Contribui para a melhoria da organização do trabalho;Volte 3 casas;Estuda a especificidade das situações de trabalho e sua relação com a organização;Estuda as interações entre o ser humano e as dimensões do seu trabalho;Avance 3 casas;Comumente dividida em física, cognitiva e organizacional;Diz-se haver duas escolas, uma francesa e outra americana;Sua origem está na manipulação das primeiras ferramentas pelo homem pré-histórico ;Enquanto ciência, se desenvolve a partir da 2a guerra mundial;Tem um norma regulamentadora específica para ela;Erroneamente é associada somente à questões posturais e de mobiliário;Nela a distinção entre tarefa e atividade é fundamental
Conceito;Ação Ergonômica;Avance 3 casas;Aborda as condições de trabalhos;A sua demanda varia de local e interfere em suas aplicações ;Pode ser influenciada por aspectos econômicos;Pode envolver tanto a microergonomia quanto a macroergonomia;Um palpite a qualquer hora   ;Deve buscar melhorias para as situações de trabalho avaliadas;Ferramentas de análise podem ser usadas nela;É composta por aspectos qualitativos e quantitativos;Análises pessoais, coletivas e organizacionais estão presentes nela;Pode resultar em laudos sem nenhuma efetividade prática;Deve ser sempre participativa e buscar como objetivo final a transformação concreta das situações de trabalho
Conceito;Fisiologia ;"É a junção das palavras gregas ""physis"" e ""logos""";É o estudo das funções e do funcionamento dos seres vivos;Retorne 1 casa;Cláudio Galeno e William Harvey são importantes pesquisadores da área;"A obra ""De Humani Corporis Fábrica"" é uma grande marco desse estudo";Analisa o funcionamento do transporte de nutrientes;É dividida em duas áreas: vegetal e animal;Avance 3 casas;O maior avanço dessa área ocorreu no século XIX principalmente na Alemanha e França;Na área experimental e contemporânea tem como pai Claude Bernard;Por causa de Andreas Vesalius em Pádua foi instituída uma importante escola dessa área;"""Exercitatio Anatomica de Matu Cardis et Sanguinis in Animalibus"" é um livro que transformou e revolucionou essa ciência"
Pessoa ;Ergonomista;Esse profissional também pode atuar em perícias relacionadas a doenças do trabalho;Avance 2 casas;Perca sua vez;Identifica, estrutura e discerne incoerências e riscos reais e potenciais de prejuízo à saúde dos trabalhadores;Transforma o trabalho por meio da ação ergonômica;Tem como função proteger a saúde dos trabalhadores ao mesmo tempo em que contribui com a performance da organização;Tem como principal objeto de reflexão e atuação a atividade de trabalho;Realiza trabalho em campo por meio de observações, medidas e entrevistas;A atividade de trabalho realizada, em contraste com a tarefa solicitada, é o cerne de seu interesse;Faz a análise da interação que ocorre entre o trabalhador e os diferentes níveis de interface com o local de trabalho;A Análise Ergonômica do Trabalho (AET) é o carro-chefe das suas atividades;Deve possuir conhecimentos em organização do trabalho, segurança, anatomia e biomecânica, psicologia, doença ocupacional, riscos ambientais, entre outros
Conceito;Contrato de Trabalho;Define o tempo de trabalho, a qualificação, o salário, os benefícios sociais, dentre outras normas;Estabelece relação legal entre trabalhadores e empresas;Garantia jurídica de direitos e deveres do trabalhador;Fornece segurança à empresa no que tange às questões trabalhistas de seus colaboradores;Pode ser feito de forma escrita ou verbal, por tempo determinado ou indeterminado;Todas suas características estão previstas na CLT (Consolidação das Leis do Trabalho);Negocia as condições de trabalho;Define de quem será a responsabilidade pela aquisição, manutenção e fornecimento dos equipamentos e da infraestrutura necessária para a realização da atividade de trabalho;Para que seja válido é necessário se adequar às exigências da legislação;Reformas trabalhistas alteram de forma direta suas formas;Volte 3 casa;Avance 3 casas
Conceito;Método;Meio para se realizar algo;Faz sentido se for posto em relação com objetivos que se quer alcançar;É um aferidor e avaliador das idéias e teorias;Francis Bacon o definiu como o modo seguro e certo de “aplicar a razão à experiência”;Avance 1 casa;Limita-se a determinar ferramentas para ação;Planejador do caminho ao objetivo que se quer alcançar;Sua reflexão são considerações sobre as técnicas de aplicação;Volte 2 casas;Processo organizado, lógico e sistemático de pesquisa, instrução, investigação e apresentação;O utilizam para observar o trabalho humano;Existe um chamado REBA, que analisa atividades que desenvolvem mudanças inesperadas na postura
Conceito;Condições de Trabalho;Pode ser observada de forma espacial;Envolve técnicas de trabalho;Condições de atividade pessoal;Volte 4 casas;Envolve a organização do trabalho;A relação entre os trabalhadores a impacta;Envolve a saúde mental;Quando é bem elaborada, gera bons resultados no trabalho;A segurança é primordial quando é feita sua análise;Avance 4 casas;Está diretamente ligada a qualidade de vida;O tempo de trabalho a influência
Conceito;Gestão de Recursos Humanos;Tem funções de seleção, contratação e formação de pessoal;Área interna de uma empresa;Visa alinhar os objetivos da empresa com os colaboradores;Essa área tem o domínio de estratégias, técnicas e ferramentas que permite enfrentar as incertezas da empresa, interna ou externamente, no curto, médio e longo prazo;Tem o papel de fiscalizar e auxiliar nas aplicações das técnicas de saúde ocupacional e da segurança do trabalho;Esse setor passou por grandes transformações após a elaboração das leis trabalhistas;Volte 2 casas;Uma de suas funções é cuidar da segurança, saúde e qualidade de vida dos trabalhadores;Tem finalidade de gerir comportamentos internos e potencializar o capital humano;Avance 3 casas;Anteriormente o departamento atuava de forma mecanicista, no qual a visão do empregado prevalecia sobre a obediência, a execução da tarefa, e ao chefe, o controle centralizado;Atua diretamente com as políticas que determinam as normas e os procedimentos de organização da empresa
Conceito;Antropometria;Técnica que surgiu no Egito para descrever o corpo humano por meio das medidas;É divida em duas áreas: dinâmica e estática;A figura Vitruvius é um dos símbolos dessa ciência;Egípcios e Gregos já faziam uso dessa ciência;Avance 1 casa;Filósofos, arquitetos, teóricos e artistas contribuíram para o desenvolvimento dessa ciência;Na década de 40 teve grande impulso dessa área com as exigências da produção em massa;Perca sua vez;O campo físico dessa ciência iniciou-se com as viagens de Marco Polo;Tem como objetivo o estudo dos caracteres mensuráveis da morfologia humana;É dividida em dois grandes campos: Física e Cultural;São o ponto de partida para o correto dimensionamento de produtos, postos e ambientes de trabalho adequados às medidas dos usuários
Conceito;Fadiga;É frequentemente apontada como uma das causas dos acidentes de trabalho;Pode ser classificada como sensorial que acomete principalmente olhos e ouvidos;Um palpite a qualquer hora;É uma condição subjetiva;É um fenómeno que causa mal-estar, provocando alterações fisiológicas e psicológicas;Retorne 3 casas;Se apresenta tanto na forma aguda como crônica;É resultante de esforço físico e/ou mental;Está associado às condiçõesde trabalho, ambientais e individuais ;Afeta a capacidade para o trabalho;Esse conceito foi aceito pela North American Nursing Diagnosis Association como um diagnóstico em 1988;É uma condição que tem diversos tipos de causas
Conceito;Taylorismo;É caracterizado pela ênfase nas tarefas;Designa tarefas com o objetivo de melhorar a eficiência nos processos de produção;Um dos fundadores dessa teoria trabalhou na Midvale Steel Company;Um palpite a qualquer hora ;Dois livros que traçam os primeiros esboços desse modelo é: A Piece Rate System e Shop Management ;Um dos seus princípios remete a substituição de métodos empíricos por procedimentos científicos;Volte 3 casas ;Esse modelo é criticado por ignorar as necessidades do trabalhadores;Esse modelo considera o trabalho lento como inimigo da produção;Pertence à cadeia de desenvolvimento dos métodos e organização do trabalho;Um dos seus princípios é o controle;O principal foco é a racionalização do trabalho
Conceito;Conhecimento Tácito ;É o aprendizado prático adquirido ao longo da vida;Michael Polanyi foi um dos pioneiros nos estudos desse conceito;"A frase ""sabemos muito mais do que somos capazes de dizer"" tem a ver com esse conceito";Volte 2 casas;Está relacionado ao saber-fazer da atividade;O seu oposto é o conhecimento explícito;Está presente na Espiral do Conhecimento de Nonaka e Takeushi;A sua compreensão, sistematização e utilização são consideradas extremamente complexas;Foi também muito estudado pelo sociológo americano Harry Collins;Está relacionado à incoportação, frequentemente involuntária, das experiências vividas pelo indivíduo;Avance 2 casas;"O documentário ""O lado de lá da linha: um história sobre gestão do conhecimento tácito"" é sobre ele"
Conceito;Análise Macroergonômica ;Baseada em métodos participativos, no qual o trabalhador contribui para que as intervenções tenham maior assertividade;Teve o seu desenvolvimento a partir de 1980;Consiste na adequação organizacional voltada à concepção e gerenciamento das novas tecnologias;Volte 3 casas;Considera o modo como as organizações são projetadas e gerenciadas no que se refere a tecnologias;Usa como ferramenta a análise dos sistemas e se concentra no desenvolvimento da organização e da tecnologia ;Um palpite a qualquer hora;A sua abordagem é ao mesmo tempo topdown, bottom-up  e middle-out ;Defende que a Ergonomia também atua na organização do trabalho;É uma abordagem sociotécnica porque lida com quatro subsistemas: tecnológico, pessoal, do trabalho e do ambiente externo;Avalia a estrutura organizacional de forma holística e participativa;Área da Ergonomia criada em resposta ao forte desenvolvimento industrial dos anos 1970
Conceito;Organização do Trabalho ;Surgiu no fim do século XX e foi chamado de gestão do conhecimento;Envolve dimensões técnicas e dimensões sociais;É todo o conjunto de ações para que a prescrição de trabalho ditada pela direção da organização sejam cumpridos;Atividade coletiva horizontal e verticalmente executada;Não se limita ao respeito de normas e regras;Análogo a uma linha de montagem;Deve ser adequada às características psicofisiológicas dos trabalhadores e à natureza do trabalho a ser executado;Volte 2 casas;Modelos rígidos restringem a participação dos trabalhadores nos processos decisórios;Em meados dos anos 90 começaram a surgir muitos estudos sobre a abordagem da ergonomia nesse contexto;Fator preciso pelo qual uma empresa consegue todos os seus objetivos;Avance 3 casas
Conceito;Carga de Trabalho;Se for adequada melhora os níveis de conforto, satisfação, eficiência e segurança no trabalho;Perca a sua vez;Se for aumentada, os modos operatórios tendem a ser reduzidos;Quando está inadequada traz prejuízos ao indivíduo e à organização;A jornada de trabalho tem relação direta com este conceito;"Se for grande, o prefixo ""sobre"" é acrescentado";Em condições normais, é benéfica ao trabalho e ao trabalhador;Quando o trabalhador não tem recursos para enfrentá-la, a saúde e/ou a segurança podem ser afetadas;Um palpite a qualquer hora;Não somente o excesso é ruim, mas também a sua deficiência;Pode ser cognitiva, física e afetiva;Em excesso, pode gerar acidentes de trabalho
Conceito;Modo Operatório;Conjunto de ações e operações que os trabalhadores adotam em função das exigências da tarefa e das suas competências;Quando o ergonomista o analisa, consegue compreender quais são as estratégias adotadas para atingir os objetivos determinados pela tarefa;São estratégias individuais;Avance 3 casas;São planejamentos que as pessoas fazem e reelaboram no processo de regulação do trabalho;"É possível ampliá-lo com o aumento da ""margem de manobra""";Considera os objetivos, meios de trabalho, estado interno e resultados;São reduzidos com o aumento da carga de trabalho;Um dos motivos da sua reelaboração é deixar o trabalho mais confortável e proteger a própria saúde;Retorne 2 casas;Envolve mecanismos cognitivos como a atenção e a resolução dos problemas;Pode ser prescrito (definido pela empresa) ou real (modo particular adotado pelo trabalhador para fazer face à variabilidade)
Conceito;Margem de Manobra ;São meios coerentes com as diversidades e variabilidades de cada um dos trabalhadores;É o que está entre as tarefas prescritas pela organização de trabalho e a atividade realmente executada ;Quando suficiente, aumenta a possibilidade de fazer a atividade de outra maneira;A análise do trabalho tem objetivo de buscar meios que venham a priorizar esse conceito  ;Perca sua vez;É fortemente influenciada pelas condições de trabalho determinadas pela gestão;É inversamente proporcional à carga de trabalho;Se elaboram também no interior das atividades coletivas, principalmente por intermédio das relações de cooperação ;Em alguns casos são muito restritas;Quanto mais tardia for a entrada da ergonomia no projeto do trabalho, menos este conceito estará presente;Quanto maior os espaços do posto de trabalho, mais este conceito está presente;Um palpite a qualquer hora
Conceito;Antropotecnologia;Um palpite a qualquer hora;Seu objetivo é modificar os sistemas técnicos e organizacionais em função da atividade de trabalho;Campo de estudos criado após diversas viagens de Wisner pela América Latina e Africa;O termo foi cunhado por Alain Wisner;Proposta para processar da melhor forma as transferências de tecnologias nos países em desenvolvimento industrial;Abordagem que junta, em seu nome, a ideia da interação do homem com a máquina;O seu precusor realizou estudos em mais de vinte países, incluindo o Brasil;O termo foi criado no livro francês Quand voyage les usines (Quando as usinas viajam);Perca a sua vez;Leva em consideração os aspectos de natureza contingencial: cultura, geografia, aspectos socioeconômicos, clima, etc;Visa reorientar as ciências do homem para agir sobre as exigências materiais e as características etnológicas;Seu campo está relacionado a transferência de tecnologia entre países
Conceito;Ritmos;O que regula a vida do ser humano;Como ciência biológica está relacionado à organização temporal dos fenômenos biológico-fisiológicos e ou psicológicos, assim como, as respostas do organismo às agressões do ambiente;São gerados pelo próprio organismo e os estímulos ambientais tem o papel de modular o denominado “relógio biológico”;A descoberta da eletricidade e a invenção da lâmpada elétrica produziram um grande impacto sobre eles;São influenciados pela Organização Temporal Externa e pela Organização Temporal Interna;Podemos observar uma influência direta do trabalho nesse conceito;Volte 2 casas;A organização da produção de bens e de serviços muitas vezes rompe esse conceito em função de necessidades da sociedade e por necessidades técnicas de alguns setores do sistema produtivo;Marcados por momentos de maior ativação e outros de descanso;São exemplos: ciclo menstrual e ciclo circadiano;Avance 3 casas;No campo biológico, estão relacionados às oscilações fisiológicas periódicas e as mudanças associadas ao desenvolvimento humano
Conceito ;Biomecânica;Avance 3 casas;As medidas das dimensões do corpo humano, assim como os movimentos, são estudadas por essa ciência;Por meio dessa somos capazes de conhecer o volume espacial e as possibilidades do alcance de um objeto pelo movimento;É um ramo da Bioengenharia e da Engenharia Biomédica;Usa conceitos da física para analisar o sistema biológico e fisiológico;Retorne 3 casas;Uma área interdisciplinar que possui ligação direta com a Ergonomia e que procura buscar soluções para os problemas decorrentes da adaptação do homem ao ambiente de trabalho e vice-versa;Estudos envolvendo o comportamento individual do trabalhador a apontam como eixo na análise das interações e das consequências da relação homem-trabalho, do ponto de vista dos movimentos musculoesqueletais;Para seu melhor entendimento, é importante compreender alguns conceitos básicos da física;Permite a compreensão das posturas adotadas a fim de atender às exigências da tarefa;Visa encontrar um arranjo harmônico as forças que atuam sobre o corpo nos movimentos necessários para a realização das atividades;As primeiras observações foram feitas por Aristóteles
Conceito ;Riscos Psicossociais;Pode ser desencadeado por situações de estresse, pressão e carga de trabalho excessiva;Perca a sua vez;Nocivo a saúde mental do trabalhador;São as percepções subjetivas que o trabalhador tem dos fatores de organização do trabalho;Decorrentes de interações entre trabalho, seu meio ambiente, satisfação no trabalho e as condições da sua organização (OIT, 2010);São desencadeados dentro da empresa;Podem ser caracterizados por: estresse, insatisfação e alto índice de afastamento dos trabalhadores;Reduzem a capacidade produtiva do trabalhador;Pode reduzir a lucratividade da empresa;Um palpite a qualquer hora;Relacionados a saúde, doença, sofrimento e trabalho;Decorrem de deficiências na concessão, organização e gestão do trabalho, bem como de um contexto social de trabalho problemático
Pessoa ;Bernardino Ramazzini;"Uma obra muito importante dele foi “De Morbis Artificum Diatriba”, em português ""As Doenças dos Trabalhadores""";O Dr. Raimundo Estrela fez a tradução do seu livro para o português;Perca sua vez;Nasceu em 1663, na Itália;Sua grande obra tem mais de 300 anos do lançamento da primeira edição;Era professor universitário no curso de Medicina;A primeira letra do seu sobrenome é “R”;"Ele é conhecido mundialmente como o “Pai da Medicina do Trabalho""";Morreu aos 81 anos;Escreveu em seu livro um capítulo exclusivo para as doenças desenvolvidas pelos judeus;Avance 2 casas;Seus conceitos foram base para métodos de análise de tarefa, que se aplicam nos dias de hoje
Pessoa ;Frederick Taylor;Nasceu em 1856, no EUA;Uma das suas teorias é “Gerenciamento Científico”;Ele estudou cientificamente o processo do trabalho;Foi um engenheiro mecânico;"Um importante conceito que ele introduziu foi a “Administração Científica""";Os quatros princípios de sua teoria são planejamento, preparo, controle e execução;Retorne três casas;Ele começou a trabalhar como aprendiz em uma indústria;Ele foi aceito em Direito em Harvard;Ele revolucionou o sistema produtivo no começo do século XX;Avance 1 casa;A sua contribuição não foi direta para a ergonomia
Pessoa ;Alain Wisner;Foi médico e pesquisador do CNAM-Paris;Fundador do conceito de Antropotecnologia;Influenciador das primeiras abordagens ergonômicas no Brasil;Foi orientador de pesquisas de mestrado e doutorado realizadas de vários pesquisadores brasileiros;Perca a sua vez;Contribuiu fortemente para a difusão da ergonomia brasileira;Seus alunos brasileiros ingressaram como professores em diversas universidades e desenvolveram cursos de especialização em ergonomia;Visitou o Brasil em 1970 graças às iniciativas do professor Franco Lo Presti;Nasceu em 1923 na França em Paris;Foi Diretor do laboratório de ergonomia do Conservatório Nacional de Artes e Ofícios (CNAM);Teve alunos na Africa, Europa e América do Sul;Avance uma casa
Pessoa ;Pierre Falzon;Foi professor catedrático de Ergonomia e neurociências do trabalho;Autor do livro Ergonomie (2004), traduzido no Brasil por Ergonomia (2007);É co-editor da revista Applied Ergonomics e membro do Comitê de redação de diversas revistas.;Perca sua vez;Suas pesquisas envolvem as representações mentais, as atividades cooperativas e de comunicação;De 2000 à 2006, foi Secretário Geral e Presidente da IEA;"Organizou o livro ""Ergonomia Construtiva"" em 2013";Avance 3 casas;Escreveu, junto a Vanina Mollo, em 2004, um importante artigo sobre as técnicas de confrontação em Ergonomia;Foi orientador de Doutorado de pesquisadores como Adelaide Nascimento, Vanina Mollo e Justine Arnould;"Seu primeiro nome significa ""pedra"" em francês";Começou sua carreira como pesquisador do INRIA - Institut National de Recherche en Informatique et en Automatique
Pessoa ;François Guérin;Um palpite a qualquer hora;Afirma que a distância entre o prescrito e o real é a manifestação da contradição no ato de trabalho, entre 'o que é pedido' e 'o que a coisa pede';"É um dos autores do livro: ""Ergonomia, uma tecnologia a serviço da ação""";"Seu primeiro nome é a tradução de ""Francisco""";Um dos livros mais conhecidos de Ergonomia no Brasil é, erroneamente, muito frequentemente atribuído somente a ele;É um dos autores do livro: “Compreender o trabalho para transformá-lo”;Foi diretor técnico e científico da ANACT- Agence Nationale pour l’amériolation des Conditions du Travail;Suas pesquisas estiveram muito relacionadas ao design de sistemas de trabalho, com o objetivo de desenvolver a saúde dos funcionários e o desempenho das organizações;Sua obra mais famosa afirma que transformar o trabalho é a primeira finalidade da ação ergonômica;Volte 2 casas;Atualmente aposentado, foi ergonomista e pesquisador docente do Conservatório Nacional de Artes e Ofícios;Escreveu um livro com François Daniellou, Jacques Durrafourg, Alain Kerguelen, entre outros
Pessoa ;Leonardo da Vinci;"A sua obra ""O Homem Vitruviano"" é um registro das particularidades físicas dos indivíduos";Suas obras exigiam uma observação rigorosa e minuciosa do homem;Em seus projetos, as máquinas e suas funções se ajustavam ao homem;Pintor renacentista do quadro Mona Lisa;Dizia que o verdadeiro saber provinha de experiências, das observações e de invenções;Combinou em um desenho o homem inserido no círculo e no quadrado, promovendo estudos acerca das dimensões e movimentos humanos;Avance 2 casas;O foco central da curiosidade científica era o homem e o seu entorno;Os estudos anatômicos e fisiológicos foram certamente suas principais contribuições à ergonomia;Nasceu em 1452 na aldeia de Vinci e foi um dos precursores da ergonomia;Volte 3 casas;Um de seus projetos, foi uma catapulta gigante que era operada por um homem, sendo um exemplo da descrição homem-máquina
Pessoa ;Bernard Forest de Bélidor;Destacou-se por escrever manuais compreensivos sobre balística, fortificações e engenharia civil;É considerado um dos precursores da ergonomia;Dedicou ao projeto da roda d’água, utilizada até hoje em cachoeiras e moinhos;Nos estudos verifica a preocupação com o trabalhador, a fim de não sobrecarregá-lo ou prejudicar sua saÚde no posto de trabalho;Desenvolveu máquinas que facilitavam o carregamento de peso e estudos de contenção de barragens;Volte 1 casa;Em seus desenhos, demonstrava como o ser humano interagia com as máquinas;Foi um engenheiro civil e hidráulico, militar e escritor hispano- francês, do século XVIII;Avance 2 casas;Desenvolveu estudos com planejamento do trabalho e das interfaces ergonômicas na organização do trabalho;Suas publicações continham tabelas e cálculos estruturais até princípios de organização do trabalho;Tentou medir a capacidade de trabalho físico nos locais de trabalho dos operários
Pessoa ;Jules Amar;Criou as bases da ergonomia do trabalho físico estudando os diferentes tipos de contração muscular dinâmica e estática;Se destaca como um dos precursores da ergonomia;Era um fisiologista;Um palpite a qualquer hora;Criou o primeiro laboratório de pesquisa sobre investigação do trabalho profissional, “Conservatório Nacional de Artes e Medidas”;Analisou os problemas da fadiga causada pelos efeitos do ambiente (temperatura, ruído, iluminação);Volte 3 casas;Em seu livro, descreve os princípios mecânicos gerais do corpo humano como uma máquina;Fez uso da cronofotografia, denominada por ele “A arte do trabalho”;Considerou o trabalho manual um problema fundamental da biomecânica a ser resolvido e otimizado;Nasceu em Túnis em 1879;Autor do livro intitulado “O motor humano”, publicado em 1914
Pessoa ;Laerte Idal Sznelwar;Médico e Professor aposentado da Escola Politécnica da USP;Possui experiência em Ergonomia, Saúde do Trabalhador e Psicodinâmica do Trabalho;Ressalta a importância do trabalho ser um instrumento de desenvolvimento pessoal e não apenas um processo para obtenção de recursos financeiros;Realizou o pós doutorado na França no período de dezembro de 2000 a fevereiro de 2001;Volte 2 casas;Defendeu o seu doutorado em Ergonomia na França em 1992;É autor do livro “ Quando trabalhar é ser protagonista e o protagonismo do trabalho”;Graduado em Medicina pela Universidade Estadual de Campinas (1980);Avance 2 casas;Integrante do Grupo de Pesquisas do TTO (Trabalho, Tecnologia e Organização do Trabalho) do Departamento de Engenharia de Produção da Escola Politécnica da USP;"Autor do livro ""Introdução à ergonomia: da prática à teoria"" juntamente com Alexandre Silvino e Júlia Issy Abrahão";"Em 2011 publicou o livro “Saúde dos Bancários"""
Conceito;NR 5;É regulamentadora do Ministério do Trabalho e Emprego – MTE;Trata sobre a  CIPA – Comissão Interna de Prevenção de Acidentes;O cumprimento dessa (Seu cumprimento) também é importante para a implantação do Sistema de Gestão de Segurança e Saúde Ocupacional nas empresas;É importante para as empresas (para) assegurar a segurança dos trabalhadores, além de ser uma forma de engajá-los a cumprir as normas de segurança;- Tem função de garantir que todos os funcionários entendam sobre a importância das normas de segurança e de higiene do trabalho para a prevenção de acidentes e de doenças ocupacionais;Volte 2 casas;Surgiu em 1978 no Brasil;Promove a discussão sobre a implantação de novas medidas que possam prevenir ou neutralizar os riscos dentro de um ambiente de trabalho;Ela ajuda a investigar acidentes tanto na empresa como no trajeto;Promove em empresas que possuem parceria com SESMT, uma Semana Interna de Prevenção de Acidentes (SIPAT) para alertar os funcionários;Tem como objetivo levar à direção todas as questões que envolvam o tema para que melhorias sejam feitas em prol da saúde e integridade física dos funcionários;Avance 3 casas
Conceito;NR 18;Estabelece diretrizes de ordem administrativa, de planejamento e de organização;Objetiva a implementação de medidas de controle e sistemas preventivos de segurança nos processos, nas condições e no meio ambiente de trabalho na Indústria da Construção;É definida como Norma Setorial, ou seja, é uma norma que regulamenta a execução do trabalho em setores ou atividades econômicos específicos;Volte 1 casa;Exige a implantação do chamado PCMAT (Programa de Condições e Meio Ambiente de Trabalho na Indústria da Construção) para canteiros que tiverem a partir de 20 trabalhadores;Seu seguimento é considerado de extrema importância em um canteiro de obras;Avance 2 casas;Uma das suas funções é evitar atos inseguros;Estabelece direcionamentos sobre ambulatórios, instalações sanitárias, cozinha, áreas de lazer e outras indicações referentes às áreas de vivência no ambiente de trabalho;Relata boas práticas sobre o estoque de materiais, EPIs e EPCs, sobre demolição, instalações elétricas, carpintaria e estruturas de concreto e metal;Para sua adequação, é necessário criar uma Comissão Interna de Prevenção de Acidentes (CIPA);Seu não cumprimento fica sujeito a responsabilidades de ordem administrativas, trabalhistas, previdenciárias, tributárias, civil e criminal
Conceito;Constrangimento Temporal;Limita as margens de manobra dos trabalhadores;É um tipo de constrangimento;Está presente, muitas vezes, em linhas de produção;Relaciona-se com o tempo definido para a realização da tarefa;A divisão do trabalho e a cronometragem proposta por Taylor intensificam esse fator;Pode causar acidentes de trabalho;Não leva em consideração as variabilidades do trabalhador;O prazo para a conclusão da tarefa se impõe em detrimento do conforto do trabalhador;Avance uma casa;Impõe, durante a realização do trabalho, uma modificação do funcionamento psíquico normal;Perca sua vez;O desenvolvimento da tarefa faz com que aconteça uma hipersolicitação do corpo
Conceito;Ergonomia Física;Interessa-se pelas características da anatomia humana;Um palpite a qualquer hora;Trata da antropometria humana;Relaciona-se a fisiologia humana;Relaciona-se com a biomecânica;Perca sua vez;Faz estudo da postura no trabalho;Analisa manuseio de materiais;Analisa a presença de movimentos repetitivos;Observa os possíveis distúrbios musculoesqueléticos;Estuda o projeto de posto de trabalho;Trata da segurança e saúde do trabalhador
Conceito;Ergonomia Cognitiva;Avance 3 casas;Refere-se aos processos mentais e seus efeitos entre seres humanos e o sistema;Aborda a percepção, memória, raciocínio e resposta motora;Volte 1 casa;Faz estudo da carga mental de trabalho;Faz a análise das tomadas de decisão;Trata do estresse profissional;Estuda o desempenho especializado;Analisa a interação do homem e computador;Estuda a confiabilidade humana;Examina a formação quando relacionado a projetos envolvendo seres humanos e sistemas;Tem como objetivo tornar melhor a relação do colaborador com a empresa
Conceito;Ergonomia Organizacional;Concerne à otimização dos espaços sociotécnicos;Inclui estrutura organizacionais, regras e processos;Aborda formas de comunicação;Trata dos recursos dos coletivos de trabalho;Estuda como acontece a organização temporal do trabalho;Avance 3 casas;Volte 2 casas;Engloba trabalho em grupo, cooperativo e teletrabalho;Trata de novos paradigmas de trabalho;Analisa a cultura organizacional;Faz a gestão de qualidade;Aborda projetos de trabalho e participativos
Lugar;ABERGO;Fundada em 1983;É uma entidade que congrega os diversos núcleos de ergonomia no país;Faz a divulgação de conhecimentos produzidos pela área, como o congresso brasileiro de ergonomia;Volte 3 casas;Aborda a normalização da ergonomia enquanto categoria profissional;Sua criação representa um marco histórico na ergonomia no Brasil;É uma associação sem fins lucrativos;Avance 3 casas;Estuda as interações das pessoas com a tecnologia, a organização e o ambiente, considerando as suas necessidades, habilidades e limitações;Se localiza no Rio de Janeiro;Objetiva contribuir para o avanço da ciência e da prática da ergonomia;É responsável pelo Sistema de Certificação do Ergonomista Brasileiro
Pessoa ;Itiro Iida;Defendeu a 1ª tese de doutorado sobre Ergonomia no Brasil, denominada “A Ergonomia do Manejo”, em 1971;Publicou um livro que se  constituiu em  uma das obras brasileiras de ergonomia mais importantes e referenciadas no meio acadêmico;Perca a sua vez;Graduado em Engenharia de Produção (1965) e em Física (1966) pela Universidade de São Paulo;Foi professor universitário, lecionando diversas disciplinas ligadas à ergonomia;Já foi homenageado pela Associação Internacional de Ergonomina;Seu principal livro é destinado aos estudantes que tomam primeiro contato com a ergonomia;Foi um dos fundadores e Presidente da Abergo e da Associação Brasileira de Engenharia de Produção - Abepro;Autor do o livro “Ergonomia: projeto e produção”;Avance 3 casas;Seu 1º livro foi publicado em 1973, intitulado “Ergonomia: notas de classe”;Um dos precursores da Ergonomia no Brasil
Pessoa ;Franco Lo Presti Seminério;Nasceu na Itália em 1923;Realizou uma viagem para entrar em contato com centros de ergonomia europeus para implantar essa teoria no Brasil;Participou da criação da Associação Brasileira de Ergonomia;Volte duas casas;Para promover a divulgação da ergonomia no Brasil planejou e executou um Seminário Brasileiro de Ergonomia, visando reunir os pioneiros da área brasileiros e estrangeiros;Responsável palas iniciativas que culminou na visita do Médico e pesquisador Alain Wisner no Brasil;Sua formação era em Psicologia;Avance 4 casas;Planejou e supervisionou uma pesquisa interinstitucional em Ergonomia, no país, para avaliar e modificar corretivamente, em campo, o penoso trabalho do plantio e corte da cana de açúcar;Um dos pioneiros da Ergonomia brasileira;Foi morar no Brasil em 1947;A primeira letra do seu nome começa com a letra F
Pessoa ;José Carlos Plácido da Silva;Avance 1 casa;Um dos autores do livro “A Evolução Histórica da Ergonomia e Seus Pioneiros”;Possui graduação em Desenho Industrial;Autor do livro” Design Ergonômico”;Professor e pesquisador Brasileiro;Também é doutor em Geografia pela USP;Volte 3 casas;É um professor titular aposentado do LEI - Laboratório de Ergonomia e Interfaces da Faculdade de Arquitetura;Se formou na universidade de São Paulo em 1985;Co-líder no Grupo de Pesquisa e Desenho Industrial: Projetos e Interfaces;Escritor brasileiro com experiência em design com ênfase em ergonomia e antropometria;Principais áreas de pesquisa design, desenho industrial e ergonomia
Pessoa ;Anamaria de Moraes;Um palpite a qualquer hora;Fez graduação em História pela UFRJ, em 1965;Fez graduação em Desenho Industrial pela UERJ, em 1980;Fez o Mestrado em Engenharia de Produção pela UFRJ (1983) e o Doutorado em Comunicação pela UFRJ (1992);Possui experiência em Ergonomia, com ênfase em Ergodesign e Usabilidade;Avance duas casas;Esteve à frente de organismos científicos ligados ao Design, como o P&D e a ERGODESIGN e USIHC;Em 2006 recebeu um troféu por ser a melhor docente da área de Ergonomia pela Universidade Estadual Paulista - Faculdade de Arquitetura - Artes e comunicação;Teve participação ativa em vários órgãos científicos, entre eles a AEND-Brasil e ABERGO;Foi homenageada no 6 Congresso Internacional de Ergonomia e Usabilidade, Design de Interfaces e Interação Homem-computador pela Universidade de Bauru;Em 2011 recebeu uma homenagem especial no VI Congresso Internacional de Pesquisa em Design - CIPED, em Lisboa;Escreveu o livro “Ergonomia - Conceitos e Aplicações”
Pessoa;Claudia Mont'Alvão;Escreveu o livro “Um Novo Olhar Para o Projeto. A Ergonomia no Ambiente Construído”;Possui graduação em Desenho Industrial, Projeto de Produto, pelo Centro Universitário da Cidade (1994);Professora Associada do Programa de Pós Graduação em Design da PUC-RJ;Participou do Congresso da Abergo em 2018, São Luis - Maranhão;Avance 1 casa;Volte duas casas;Ergonomista Sênior Certificada pela ABERGO;Contribui como consultora ad hoc de várias agências de fomento, tais como CNPq, FAPESP e FAPEMIG;Experiência na relação com Ergonomia nas áreas de informação, interação humano-computador, ambiente construído e sistemas de transportes;Foi Bolsista de Produtividade do CNPq nível 2 (2015-2017/ 2018-2020);Foi coordenadora do Programa Institucional de Bolsas de Iniciação Científica da PUC-Rio;Editora-chefe da Revista Ergodesign & HCI
Pessoa;André Ombredane;Contribuiu para ampliar o campo da psicologia do trabalho;Em uma de suas obras, coloca em evidência a discrepância entre o trabalho prescrito (previsto) e o trabalho real (efetivo);Perca sua vez;Juntamente com Jean Marie Faverge, deram a análise ergonômica suas primeiras bases;Em 1939 recebeu o Prêmio Gegner do Instituto da França;Graduou-se na Escola Normal Superior de Paris;Este autor foi médico e psicólogo francês;Teve sua obra considerada precursora em AET e foi publicada em 1955;Compreender o trabalho guiou esse pesquisador a elaborar um método considerado estruturado, aberto, útil e validado;"""Análise do trabalho: fator da economia e produtividade humanas"" é o título em português de sua obra";Mostrou que o objetivo é compreender o trabalho, e para isso é preciso observá-lo, e perguntar aos operadores “o que há de fazer e como fazem”;Avance 2 casas
Pessoa;Júlia Issy Abrahão ;Perca sua vez;Em um dos seus livros apresenta questões referentes ao trabalho, aos aspectos físicos e cognitivos, ao método, a questão da saúde e do ambiente;É professora e pesquisadora na Universidade de Brasília;"É uma das autoras do livro “Trabalho, tecnologia e Organização""";Possui Doutorado em Ergonomia na Conservatoire National des Arts et Metiers, em 1986;Um dos seus livros é conhecido por ser bastante didático, com diversas ilustrações que exemplificam conceitos em Ergonomia;Avance 2 casas;É uma das autoras do livro: “Introdução à ergonomia: da prática a teoria”;Fez o Mestrado em Ergonomia na Universite de Paris XIII, em 1983;Seus principais domínios de atuação são ergonomia, ergonomia cognitiva, usabilidade, automação, análise ergonômica do trabalho, novas tecnologias e saúde;Pesquisadora com diversos artigos e livros em Ergonomia no Brasil;Conhecida carinhosamente por Julinha
Pessoa;François Daniellou;Foi professor de Ergonomia no Instituto Politécnico de Bordeaux;Avance uma casa;"A ""International Ergonomics Association"" (IEA) concedeu a ele o Prêmio Educador de Destaque em 2009";"Muito conhecido no Brasil, é também um dos autores do livro ""Compreender o trabalho para transformá-lo""";As primeiras letras do seu primeiro nome são semelhantes ao seu país de origem;Foi orientado em seu Doutorado pelo Prof. Alain Wisner;Atualmente está aposentado;Volte três casas;É autor do livro “A Ergonomia em busca dos seus princípios”;Foi orientador de Doutorado do Prof. Raoni Rocha;É um dos autores do caderno “Fatores Humanos e Organizacionais da Segurança Industrial”;"Foi diretor científico da ""Fondation pour une culture de sécurité"" (Foncsi)"
Pessoa;Paulo Antônio Barros Oliveira;É um grande entusiasta do desenvolvimento associativo da Ergonomia brasileira;É sócio fundador do Instituto Trabalho Seguro;Possui Graduação em Medicina pela Universidade Federal do Rio Grande do Sul;Avance uma casa;É Auditor-fiscal do Trabalho do Ministério do Trabalho e Emprego (MTE) aposentado;Foi Presidente da “ABERGO”;Membro da bancada de Governo do Grupo Técnico e do Grupo Tripartite que elaborou a NR-36;É Professor Titular da Universidade Federal do Rio Grande do Sul (UFRGS) nas Graduações de Medicina e de Engenharia;Volte uma casa;Fez Doutorado em Engenharia de Produção pela Universidade Federal do Rio de Janeiro ;Suas principais áreas de atuação são: ergonomia, saúde do trabalhador, vigilância em saúde, prevenção de doenças e de acidentes de trabalho;Recebeu o prêmio Comenda Por Relevantes Serviços Prestados à Ergonomia Latinoamericana, “União Latino Americana de Ergonomia” em 2019
Pessoa;René Mendes ;"Organizador do ""Dicionário de Saúde e Segurança do Trabalhador: Conceitos - Definições - História - Cultura""";Médico especialista em saúde pública e medicina do trabalho;Um palpite a qualquer hora;Foi consultor da Organização Mundial de Saúde (OMS);Trabalhou na Organização Internacional do Trabalho;Tem larga experiência em Saúde do Trabalhador, tendo escrito muitos livros, artigos, além de ter presidido vários órgãos e institutos;Volte uma casa;É autor de livros nas áreas de Medicina do Trabalho e Saúde do Trabalhador;Produz textos, palestras e vários conteúdos sobre conhecimento de trabalho saudável e saúde do trabalhador;Tem atuação no Ministério do Trabalho, Ministério da Saúde e Fundacentro;É idealizador, mentor, propulsor da Revista Brasileira de Medicina do Trabalho;"É autor do livro “Patologiado Trabalho"""
Conceito;Postura;Organização dos diferentes segmentos corporais do no espaço;Uma das primeiras dimensões visíveis ao compatibilizar a configuração dos postos de trabalho com as características antropométricas e biomecânicas dos sujeitos;Tem função de manter o equilíbrio do corpo;É dinâmica;É um elemento fundamental da atividade de trabalho;É influenciada por condições internas e externas ao sujeito;Resultante da natureza da tarefa;Influenciada pelas condições ambientais;Avance 3 casas;Podem produzir efeitos negativos no trabalhador;Perca sua vez;Seu estudo fornece pistas da atividade mental
Conceito;Ruído;Som desagradável que atrapalha ou impede a ação;Está relacionado com uma das doenças mais prevalentes relacionadas ao trabalho;Pode gerar acidentes ao desviar a atenção do trabalhador;Podem causar surdez e outros problemas de saúde;Grandjean define como um fenômeno físico vibratório de um meio elástico;Pode ser contínuo, intermitente ou de impacto;Pode ser um indicador preciso sobre o estado do sistema de produção;Provoca danos sistêmicos;Volte 1 casa;Avance 2 casas ;Pode causar lesões agudas ou crônicas;Medido em decibéis
Conceito;Temperatura;Um dos atores que pode afetar na produção de forças;Considerado um fator externo;É um dos fatores que provoca consumo energético;Volte 2 casas ;É codificada pelo tato;O corpo humano pode a controlar internamente;Está atrelado a um conforto humano;Avance 3 casas;Dependendo da sua condição pode aumentar a probabilidade de acidentes no trabalho;Influencia a produtividade;É atrelada a perda e ganho de calor;Possui vários sistemas de medida
Conceito ;Posto de Trabalho;Volte 1 casa;Sua configuração pode ser compatibilizado com a biomecânica;Deve se adequar com a natureza da atividade;Deve se adaptar conforme a antropometria do trabalhador;Avance 3 casas;Mesmo que adequado, nem sempre seu arranjo físico será bem concebido;É visto por muitos como algo rígido sem possibilidade de mudanças;É relacionado ao plano de trabalho;O vestuário é um de seus elementos;A postura tem que ser contemplada;Deve assegurar equipamentos;Deve assegurar o conforto nos campos de ação e visão
Livro ;Compreender o trabalho para transformá-lo;Possui cinco autores;Sua principal abordagem é sobre a AET;É uma publicação francesa;Volte uma casa;Sua primeira publicação foi em 1997;Sua 1ª edição foi publicada no Brasil em 2001;Tem em seu conteúdo 12 capítulos;Possui vários conceitos importantes para a ergonomia e seu entendimento;Avance uma casa;Permite conhecer melhor e explicar as relações entre as condições de realização da produção e a saúde dos trabalhadores;Públicado pela editora Edgard blücher LTDA;Sua segunda reimpressão foi em 2005
Livro ;A evolução histórica da ergonomia e seus pioneiros;Está publicado no Scielo Books;É um apanhado de 10 artigos;Foi publicado em 2010;Avance 3 casas;Seus autores são brasileiros;Apresenta estudiosos da ergonomia;Um artigo refere-se ao Leonardo da Vinci;Um artigo fala sobre a arte e o trabalho;Perca a sua vez;Um artigo é sobre a organização científica;Fala da trajetória da ergonomia no Brasil;Cita em um artigo sobre a contribuição da França para a ergonomia
Livro ;Ergonomia;Apresenta os fundamentos da ergonomia;Foi publicado pela primeira vez em 2004;Seu autor é o Pierre Falzon;A primeira publicação é francesa;Possui conceitos fundamentais para muitas áreas;Volte 3 casas;A edição brasileira de 2006 conta com 40 capítulos originais e mais 4 adicionados;Critica a visão focada apenas em questões físicas na ergonomia;Mostra que a atividade deve ser adaptável;Tem como título a ciência que estuda conceitos psíquicos e físicos do trabalho;Perca sua vez;Possui 662 páginas
Livro ;Ergonomia - Interpretando a NR 17;Avance 3 casas;Seu autor é o Alexandre Pinto da Silva;É um livro brasileiro;É um manual técnico de interpretação;Perca sua vez;É um material complementar a NR 17;Sua terceira edição foi publicada em 2019;A edição de 2019 possui 174 páginas;Seu autor possui, também, publicações referentes a insalubridade e periculosidade;Seu autor tem um livro sobre Higiene;Interpreta as questões técnicas que devem ser observadas para a manutenção das condições de conforto em um ambiente de trabalho;Seu autor possui experiência em Engenharia de segurança do Trabalho
Livro ;Ergonomia: Conceitos e Aplicações ;A 2ª autora é a Cláudia Mont’alvão;Fala sobre intervenção ergonomizadora;O livro possui 2 autoras brasileiras;Teve sua 1⁰ edição lançada em 2010;Foi publicado pela editora 2Ab;Perca sua vez;Uma de suas autoras é Anamaria de Morais;Suas autoras são importantes nomes na ergonomia brasileira;Possui 12 capítulos e é uma obra de referência para a Ergonomia no Brasi;Tem um lado voltado pra relação homem e máquina;Avance uma casa;Fala sobre cargas e custos humanos para o trabalho
Livro ;Ergonomia: Trabalho adequado e eficiente ;É uma obra integrante da série Campus/ABEPRO;É um livro voltado para Eng. de Produção;Volte uma casa;Um de seus organizadores foi criador da revista Ação Ergonômica;Conta com a colaboração de 27 autores brasileiros;É uma obra referenciada por diversos pesquisadores;Avance duas casas;É um livro que contém vários estudos de casos;Escrito por Francisco Soares Masculo e Mario Cesar Vidal;Sua primeira publicação ocorreu em 2011;Foi publicado pela editora GEN LTC;Aborda bases científicas e metodológicas da AET
Conceito;Proposta de Ação ;Resultado da interpretação do ergonomista sobre a demanda;Definirá os resultados que podem ser esperados;Responsável pela definição dos meios e dos prazos;É submetida a discussões internas com a organização;É uma espécie de contrato entre o ergonomista e os responsáveis pela demanda;Compõe a Ação Ergonômica do Trabalho;Avance 3 casas;Volte uma casa;Pode ser aceita ou não pela empresa;Dá origem ao planejamento da implementação das ações que serão executadas após AET;Deve ser capaz de atacar os problemas que originaram a demanda;Visa aumentar o bem estar no trabalho
Livro ;Introdução à Ergonomia: da prática à teoria;Fruto das contrições de cinco autores;Avance duas casas;A sua capa desse possui diversos desenhos coloridos;Foi publicado em 2009, pela editora Blucher ;Retorne duas casas;Esse livro têm sido útil para estudantes, profissionais interessados na área, pesquisadores, professores, além de servir para disseminar conceitos do campo na sociedade;É um livro composto por seis capítulos;Os conceitos introduzidos ao longo da obra são ilustrados por estudos de caso;Essa obra retrata questões referentes ao trabalho, aos aspectos físicos e cognitivos, ao método, à questão da saúde e do ambiente;Seus autores são: Júlia Abrahão, Laerte Sznelwar, Alexandre Silvino, Mauricio Sarmet e Diana Pinho;Considerado um livro de introdução à Ergonomia;Seu objetivo principal é levar ao público um conteúdo que permita ao leitor se familiarizar com diferentes áreas desenvolvidas em ergonomia
Livro ;Manual de Ergonomia Adaptando o Trabalho ao Homem;Os autores são Karl H. E. Kroemer e Etienne Grandjean;Este livro possui 5 edições;A 4ª ed. foi publicada em 1998;A editora responsável por sua publicação é a Bookman;Volte duas casas;A tradução da 5° ed. Foi de Lia Buarque de Macedo Guimarães;O subtítulo é “adaptando o trabalho ao homem;Avance duas casas;Aborda os principais elementos da ergonomia de forma clara e inteligível, propagando o conhecimento básico sobre o assunto;Seu objetivo é promover conhecimento básico sobre ergonomia de maneira franca e lucida para os responsáveis por projetos, gerenciamento e segurança nos locais de trabalho, e para os estudantes;O título dá a entender que se trata de um manual;A 5° ed. possui 328 páginas
Livro ;Ergonomia e Segurança do Trabalho;O autor é Uanderson Rébula;Higiene do trabalho é um dos assuntos abordados;Avance 3 casas;A terceira edição é de 2015;Aborda a legislação básica de segurança e a medicina do trabalho;A ergonomia é abordada diretamente na unidade 4;Aborda o PPRA (programa de prevenção de riscos ambientais), PCMSO (programa de controle médico e de saúde ocupacional) e operações e atividades insalubres;O capítulo de ergonomia contempla bastante elementos sobre fatores humanos e os fatores de produção;Perca a sua vez;Ressalta os mobiliários dos postos de trabalho e as possíveis doenças que podem ser causadas no trabalhador;Apresenta-se também a conceituação legal de Acidente do Trabalho e as suas consequências previdenciárias, trabalhistas, civil e penal;Conceitua os aspectos gerais contidos na legislação de modo a orientar o empregador e os trabalhadores na prevenção de acidentes
Livro ;Ergonomia Construtiva;O organizador do livro é Pierre Falzon;Teve sua primeira edição em 2016 em português e o livro possui duas seções;A obra trabalha com o conceito central de uma ergonomia construtiva;Um palpite a qualquer hora;Defende que o objetivo da Ergonomia não é somente transformar o trabalho, mas também desenvolver as competências dos trabalhadores;Possui autores de capítulos bastante conhecidos, como Christine Vidal-Gomel, François Daniellou e Pascal Béguin;Volte 3 casas;Foi publicado pela editora Blucher com um desenho geométrico de cores laranja e azul em sua capa;Diz respeito também a questões de organização temporal, processos de aprendizagem, processos de concepção e desenvolvimento da organização do trabalho e das práticas profissionais;Abordada os processos de capacitação, de aprendizagem contínua e de reflexão;Seu intuito é servir de inspiração para o desenvolvimento das trajetórias de todos e para transformações efetivas no trabalho;A pesquisadora brasileira Adelaide Nascimento assina alguns capítulos. 
Lugar;Associação de Ergonomia da Argentina;Tem como objetivo promover o estudo, investigação e divulgação da ergonomia em um país sulamericano;Garante a adequação dos profissionais que exercem as atividades na área na Argentina;Responsável por realizar e organizar eventos na área da ergonomia coentificos-tecnologicos-academicos na área da ergonomia num paíse vizinho ao Brasil;Avance 3 casas;Perca sua vez;Possui vários parceiros e associados na Argentina, onde está situada;Constituiu-se em 30 de julho de 2002;Instituição sem fins lucrativos localizada em Buenos Aires;Associação que realiza estudos e desenvolve metodologias aplicáveis ao campo da ergonomia;Patrocina a criação de sedes ou representações científicas em cidades da Argentina;"Tem um comissão destinada a trabalhar no projeto de certificação e reconhecimento do Ergonomista na Argentina
";Gabriela Cuenca foi a primeira presidente
Lugar;International Ergonomics Association (IEA);Federação de sociedades de ergonomia e fatores humanos em todo o mundo;Avance 3 casas;O corpo diretivo é o Conselho, composto por representantes de Sociedades Federadas e Diretores;Colabora com outros organismos internacionais com objetivos comuns ou semelhantes;É uma organização internacional sem fins lucrativos;Um dos objetivos é aumentar a contribuição da disciplina de ergonomia para a sociedade global;Tem como missão elaborar e promover a ciência e a prática da ergonomia;Foi fundada em Zurique, na Suíça;Volte 3 casas;Está oficialmente registrada no município de Thônex, no cantão de Genebra, na Suíça;Em 1961, foi realizada a primeira reunião da Assembléia Geral, em Estocolmo, Suécia;Somente em 1967, tornou-se a associação das sociedades federadas em todo o mundo
Lugar;Fundacentro;É uma colaboradora da Organização Internacional do Trabalho (OIT);É uma Instituição voltada para o estudo e pesquisa das condições dos ambientes de trabalho;Avance 2 casas;Tem a missão de produzir e difundir conhecimentos que contribuam para a segurança e saúde dos trabalhadores e meio ambiente;Instituição presente em todo o Brasil por meio de unidades descentralizadas;Tem sede na cidade de São Paulo;Volte 2 casas;Instituição que possui liderança na América Latina no campo da pesquisa na área de segurança e saÚde no trabalho;Foi criada oficialmente em 1966;É uma instituição que mantém intercâmbio com países das três Américas, da Europa, além do Japão e da Austrália;Realiza diversos programas, entre ele o Programa Políticas PÚblicas em SST - PPSST;Ela possui o Programa de Pós-Graduação “Trabalho, SaÚde e Ambiente
Lugar;Centro de Referência em SaÚde do Trabalhador (CEREST);Local de atendimento especializado em Saúde do Trabalhador;Legalmente, sua função é dar subsídio técnico  para  o  SUS;Criado pela Portaria 1.679 de 20 de setembro de 2002;Volte 3 casas;Podem ser estaduais ou regionais;Serve como uma fonte geradora de conhecimento na área da saúde do trabalhador;Avance 4 casas;É vinculado à Rede Nacional de Atenção Integral à Saúde do Trabalhador (Renast);Investiga as condições do ambiente de trabalho utilizando dados epidemiológicos em conjunto com a Vigilância Sanitária;Promovem ações para melhorar as condições de trabalho e a qualidade de vida do trabalhador;Atende trabalhadores formais, informais, autônomos, desempregados e encaminhados pelo SUS;Tem como modelo a Atenção Básica de Saúde
Data;1970;O estudo ergonômico era voltado para antropometria e interação do homem máquina na Argentina;Representa o surgimento do 2º período da história da Ergonomia Argentina;Perca sua vez;Ano em Lomov foi para Moscou onde criou e chefiou o Instituto de Psicologia;A partir desse ano a Argentina reconhece os trabalhos de Elias Apud na Universidade de Concepción sobre os processos na silvicultura;Ano em que a Colombia passa a ter autonomia nos estudos de ergonomia desenvolvidos em suas próprias universidades;Introdução da disciplina de ergonomia nos cursos de Engenharia Industrial da Universidade de Antioquia;Ano das primeiras associações de Ergonomia no México;Primeiras abordagens Ergonômicas no Brasil que foram influenciadas pelo pesquisador Francês Alain Wisner;"Ano em que ocorreu estudos para a introdução do ensino da ergonomia no curso de Engenharia de Produção da UFRJ
";"Período em que diversos pesquisadores de universidades brasileiras passaram a introduzir a ergonomia no escopo dos estudos das várias áreas de conhecimento
";Avance duas casas
Data;1980;Retorno de alguns pesquisadores brasileiros da França após reaelizarem cursos de mestrado e doutorado em ergonomia orientados pelos professores Alain Wisner e Maurice de Montmollin;Ano em que ocorreu um grande aumento dos incentivos para brasileiros cursarem a pós-graduação em ergonomia;Um palpite a qualquer hora;Um dos anos de destaque do desenvolvimento da Ergonomia no Brasil;Ano em que foram publicados os primeiros livros de Jairo Estrada sobre Ergonomia na Colômbia;Volte 2 casas;Ano inicial em que ocorreu o terceiro e último período da história da Ergonomia Argentina;Tradução de livros de Chapanis, Woodson, Siegel entre outros, para contribuição no desenvolvimento da ergonomia na antiga União Soviética;Período em que foi fundada a extinta Associação Colombiana de Ergonomia;Avance 3 casas;Um dos anos da década de ouro da Saúde Ocupacional no Panamá;Época em que a ergonomia da União Soviética sofreu grande influência das publicações da Europa Ocidental e americana, relacionadas a Ergonomia
Data;2019;Era para ter ocorrido XIX Congresso de Ergonomia, mas foi adiado;China registra os primeiros casos do Coranavírus;Houve um evento coordenado pelos professores Drs.Laert Sznelwar, Uiara Montedo e Fausto Mascia;Ano que ocorreu o rompimento da barragem em Brumadinho/MG;"Publicação do documentário no canal Ergonomia da Atividade: “Lira Itabira: a VALE e a cidade de Itabira""";Houve a participação de pesquisadores nacionais e internacionais no evento da ABERGO neste período 2019;"A temática ""Mudanças na legislação e nos cenário de produção: desafios para ação ergonômica"" foi abordada na Jornada de Ergonomia desse ano";Aconteceu a XV Jornada de Ergonomia da Poli/USP;O assunto principal do ano, tratrado pela ABERGO, é “A Ergonomia em tempos de transformação: eSocial, Indústria 4.0 e a Reforma Trabalhista”;Ano em que aconteceu o evento dedicado a professores e acadêmicos, profissionais da área de ergonomia;Volte 3 casas;Avance 1 casa
Data;1949;Ano de marco histórico da ergonomia;Nesse ano, Kenneth Frank Hywel Murrell define ergonomia como “o estudo da relação entre o homem e o seu ambiente de trabalho”.;Um palpite a qualquer hora;Quando foi fundada a Ergonomics Research Societ;Um ano depois, Kenneth F. H. Murrell forma, o primeiro Departamento de Ergonomia na indÚStria,Tube Investments Ltd;Após 10 anos, é fundada a “International Ergonomics Association”.;Passaram-se mais de 20 anos até o início dos primeiros estudos brasileiros na área de ergonomia;Perca sua vez;Kenneth Frank Hywel Murrell define ergonomia como “o estudo da relação entre o homem e o seu ambiente de trabalho”;Acontece a primeira reunião do grupo de pesquisadores para retomada dos estudos sobre ergonomia, interessados em formalizar a existência desse novo ramo de aplicação interdisciplinar;As abordagens ergonômicas foram iniciadas por Jastrzebowski, mas o tema foi retomado nesse ano;Ano em que Kenneth Frank Hywel Murrell convida um pequeno grupo de pessoas que compartilhavam ideias sobre fatores humanos para uma reunião, a fim de discutirem o assunto em um aspecto mais formal
Data;27 de Julho;É o Dia Nacional da Prevenção ao Acidente de Trabalho ;Avance 3 casas;A data busca alertar empregados, empregadores, governos e sociedade civil para a importância de práticas que reduzam o número de acidentes;É no mês de julho ;A data se tornou oficial em 1972 ;A data é símbolo da luta dos trabalhadores brasileiros por melhorias nas condições de Saúde e Segurança no Trabalho ;O segundo numeral da data é o 7 ;A data tem como um de seus objetivos destacar a importância de práticas que reduzam o número de acidentes e doenças relacionadas ao trabalho;Nesta data o Brasil se tornou o primeiro país a ter um serviço obrigatório de segurança e medicina do trabalho em empresas com mais de 100 funcionário;É uma data que exige reflexões e sobretudo mudanças comportamentais, proativas, no sentido de serem aperfeiçoadas as medidas de proteção do trabalhador;Um dos objetivos dessa data é uma alerta aos empregadores para que provam um ambiente seguro e práticas saudáveis em todos os setores produtivos;Volte uma casa
Data;28 de Fevereiro;A data é celebrada desde 2000 em vários países;Foi a primeira vez na história que uma doença profissional (LER) passou a ser considerada como questão de saúde pública mundial ;Essa data destaca doenças consideradas questões de saúde pública mundial ;Volte 3 casas ;A data promove discussões sobre doenças profissionais que acometem trabalhadores de diversos setores em todo o mundo ;É uma data que exige reflexões sobre uma grande causa de afastamento no trabalho ;Essa data ressalta as chamadas doenças ocupacionais, que atingem músculos, tendões, nervos (dedos, mão, antebraços, braços e pescoço);É considerado Dia Internacional do Combate às Lesões por Esforços Repetitivos (LER), ou Distúrbios Ósteo Musculares Relacionados ao Trabalho (DORT) ;Um palpite a qualquer hora ;A data começa com o número 2 ;Excepcionalmente em alguns anos, essa data é o último dia do mês ;É no mês de fevereiro
Data;12 de Julho ;É uma data relacionada ao ano de 1949 ;Neste dia, uniram-se pesquisadores de ciências interdisciplinares ;Data oficial do nascimento da ergonomia;Passe sua vez ;É uma data de um acontecimento na Inglaterra com grande significado para ergonomia;Avance 1 casa ;Com a Sociedade de Pesquisa em ergonomia criada, houve ênfase a esta data ;Esse mesmo dia em outro mês é comemorado o dia dos namorados no Brasil ;Esse dia é celebrado o dia do ergonomista ;A Ergonomics Research Society, primeira sociedade de ergonomia da história, foi fundada por Kenneth Frank Hywel Murrell nesta data;Neste dia a França ganhou a Copa do Mundo, em 1998 ;Essa data é um marco para a ergonomia
Data;1 de Maio ;É uma data comemorativa internacional ;Data tem origem em uma greve histórica nos Estados Unidos ;Avance 3 casas;Neste dia foi reivindicado a redução da carga horária máxima de trabalho ;Desde 1925 existe a celebração deste dia ;É o dia relacionado ao trabalho;Volte 3 casas;É o dia que simboliza a luta pelos direitos trabalhistas;É tido como o Dia do Trabalho ou o Dia do Trabalhador;Nesta data houve a criação da CLT (Consolidação das Leis de Trabalho) foi instituída através do Decreto-Lei nº 5.452, na gestão de Getúlio Varga;É o dia do indivíduo que exerce determinada função ;Comemoração do primordial para a análise ergonômica
Data;10 de Outubro;Essa data tem o intuito de demonstrar a importância de cuidarmos da nossa Saúde Mental;Dia Mundial de Saúde Mental ;Foi instituído no ano de 1992 ;A data tem como objetivo promover o bem-estar da mente e o tratamento adequado de pessoas com distúrbios mentais;Volte 3 casas ;Foi instituído pela Federação Mundial de Saúde Mental;A Organização Mundial da Saúde considera o conceito dessa data uma prioridade ;Avance 3 casas ;É um dia direcionado as questões psíquicas;A abordagem desse dia mostra que doenças psíquicas são preocupantes como quaisquer outra ;Neste dia, são promovidas ações e palestras de conscientização acerca da importância de cuidar da saúde da mente;Em seu 25º aniversário essa data, em 2017, teve como especificidade o trabalho
Data;28 de Abril;Perca sua vez;É o dia mundial da segurança e saúde no trabalho;A data foi instituída pela Organização Internacional do Trabalho (OIT);Avance 3 casas;Faz parte da segunda quinzena do mês;No Brasil, o dia também é instituída como Memória das Vítimas de Acidentes e Doenças do Trabalho;É um dia do mês de abril;Data marcada por uma explosão numa mina no estado norte-americano da Virginia que matou 78 mineiros em 1969;Neste dia são celebrados eventos no mundo todo para a conscientização dos trabalhadores e empregadores quantos aos riscos de acidentes no trabalho;Essa data comemorativa foi instituída no Brasil pela Lei nº 11.121/05;O dia começa com o número 2;O dia busca também honrar a memória de todas as vítimas de acidentes e enfermidades relacionadas ao trabalho
Data;1700;Ano em que Bernardino Ramazzini publicou seu livro De Morbis Artificum Diatriba (Doenças do trabalho);Último ano do século XVII;Este ano se tornou um marco referencial no início de um período de maior aprofundamento em relação às questões ligadas às doenças ocupacionais;Avance 2 casas;O livro de Bernardino Ramazzini publicada neste ano, descreve uma série de doenças relacionadas a cerca de mais de cinquenta profissões diferentes;Nessa época as atividades profissionais ainda eram artesanais;Bernardino Ramazzini recebeu o título de pai da Medicina do Trabalho nesse ano;Quase um século mais tarde, na Inglaterra, surge a Revolução Industrial;Depois de 102 anos foi aprovada a primeira lei de proteção aos trabalhadores, a “lei de saúde e moral dos aprendizes”;A primeira vez em que foram documentadas as doenças e lesões relacionadas ao trabalho;Neste ano Bernardino Ramazzini introduziu um novo conceito: “Qual é a sua ocupação?”. Que hoje poderia ser interpretado como: “Digas qual o seu trabalho, que direi os riscos que estás sujeito”;Período em que Bernardino Ramazzini sofreu grande discriminação de outros médicos pela sua dedicação em visitar os locais de trabalho de seus pacientes para identificar as causas de seus problemas
Data;1919;Perca sua vez;Foi fundada a Organização Internacional do Trabalho (OIT);Cinquenta anos depois a OIT recebeu o Prêmio Nobel da Paz;Surgiu no Brasil a primeira lei contra acidentes;No ano seguinte, a sede da OIT foi estabelecida em Genebra, na Suíça, com Albert Thomas como seu primeiro Diretor-Geral;Foi realizada a primeira Conferência Internacional do Trabalho, em que a OIT adotou seis convenções;Foi assinado o Tratado de Versalhes;Avance duas casas;Nesse ano Albert Thomas foi o primeiro Diretor-Geral da OIT ;Após 15 anos surge no Brasil a lei trabalhista, que instituiu uma regulamentação bastante ampla, no que se refere a prevenção de acidentes;Um ano antes ocorreu a pandemia da gripe espanhola no Brasil;Após 31 anos através de Comissão conjunta, a O.I.T. e a OMS, estabeleceu-se os objetivos da saúde ocupacional
Data;1983;Ano em que houve um importante feito para a ergonomia brasileira;Criação da Associação Brasileira de Ergonomia (ABERGO);Ocorre um desenvolvimento mais rápido da ergonomia no Brasil, principalmente no meio acadêmico;Volte uma casa;No ano seguinte, a ABERGO organizou o seu primeiro evento, o 2º Seminário Brasileiro de Ergonomia;Nesta década, a ergonomia no Brasil viveu momento de destaque;A ABERGO foi aceita como membro da International Ergonomics Association no ano seguinte;Fim da ditadura militar na Argentina;Foi eleita a primeira diretoria da ABERGO, composta pelo professor Itiro Iida, como presidente e Reinier Rozestraten, como vice-presidente;O primeiro trabalho de pesquisa em ergonomia no Brasil foi publicado 10 anos antes;Avance 2 casas;Celebrado pela ONU como o ano Mundial das Telecomunicações
Data;1917;Foi estabelecida uma nova área de conhecimento: a psicologia;A área de psicologia possuía diversos métodos de observação e análise do trabalho;A ergonomia era utilizada como possível solução as interfaces dos equipamentos;Os pesquisadores da época conduziam estudos experimentais com militares em atividades de trabalho;Período em que houve necessidade de aumento na produção de armamentos;Fisiologistas e psicólogos foram chamados para melhorar as condições de trabalho dos trabalhadores;Aconteceu neste ano uma revolução na Rússia;Título de um filme dirigido pelo britânico Sam Mendes sobre a Primeira Guerra Mundial;Na capital paulista e municípios próximos, acontece a Greve Geral, com a participação ativa dos trabalhadores;Avance 1 casa;Retorne 3 casas;Foram realizados diversos esforços para caracterizar a ergonomia como ciência
Pessoa;Francisco de Paula Antunes Lima;Graduado em Engenharia Mecânica pela Universidade Federal de Minas Gerais;Realizou seu mestrado em Engenharia Mecânica pela Universidade Federal de Santa Catarina;Atualmente é professor titular da Escola de Engenharia da Universidade Federal de Minas Gerais;Desenvolve vários projetos em economia solidária e desenvolvimento local;Avance duas casas;Volte uma casa;"As vezes é confundido com o seu xará, de sobrenome ""Duarte""";Atua principalmente nos seguintes temas: ergonomia, projeto de produto, saúde ocupacional, acidentes do trabalho, aprendizagem e organização do trabalho;Fez seu doutorado em Ergonomia no Conservatoire National des Arts et Metiers ;Possui pós-doutorado em ergologia e ergonomia;É conhecido por ser um engenheiro-filósofo;É conhecido por sua grande capacidade de reflexão e abstração no campo da Ergonomia
Pessoa;Francisco Jose de Castro Moura Duarte;Graduado em Engenharia de Produção pela Universidade de São Paulo;Tem mestrado e doutorado em Engenharia de Produção pela Universidade Federal do Rio de Janeiro;Em 1991 e 1992 fez o DEA em Ergonomia no CNAM - Paris;É um grande apreciador de vinhos;Desde 2017 é coordenador do Programa de Engenharia de Produção da COPPE/UFRJ e Professor da Área de Gestão e Inovação;Volte duas casas;Foi o coordenador brasileiro do projeto CAPES-COFECUB: Trabalho, Inovação Tecnológica e Sustentabilidade de 2011 a 2014;Possui projetos há quase 30 anos junto à Petrobras;Avance uma casa;"Às vezes é confundido com o seu xará, com sobrenome ""Lima""";É conhecido por ser um grande articulador de projetos em Ergonomia na indústria do petróleo;Fui aluno de doutorado do Prof. Alain Wisner
Pessoa;Sandra Francisca Bezerra Gemma;Especialista em Ergonomia pela Engenharia de Produção da Escola Politécnica da USP;Fez o seu doutorado e mestrado em Engenharia Agrícola na temática de Ergonomia pela Universidade Estadual de Campinas;Trabalha desde 2009 como Professora Doutora da Faculdade de Ciências Aplicadas, UNICAMP-Limeira;Atua como pesquisadora na coordenação da Rede de Agroecologia da UNICAMP;"É organizadora do livro ""Engenharia do Trabalho: Saúde, Segurança, Ergonomia e Projeto"" junto com os professores Daniel Braatz e Raoni Rocha";Atua desde 2010 como Coordenadora do ERGOLAB ;Volte duas casas;Em 2021 conquistou o título de professora de livre docência;Fez especialização em Enfermagem do Trabalho de 1988 a 1989;Se graduou em Enfermagem em 1986;É Ergonomista Certificada - Nível Sênior pela ABERGO;Avance 3 casas
Pessoa;Daniel Braatz Antunes de Almeida Moura;Avance 3 casas;Volte 2 casas;Professor Adjunto do Departamento de Engenharia de Produção da Universidade Federal de São Carlos;Doutor e Mestre em Engenharia de Produção pelo PPGEP-UFSCar;Possui graduação em Engenharia de Produção Materiais pela Universidade Federal de São Carlos;Tem experiência em ensino, pesquisa e extensão em diversas areás, como simulação, imersão, ergonomia e projeto, projeto de engenharia (engineering design);"É organizador do livro ""Engenharia do Trabalho: Saúde, Segurança, Ergonomia e Projeto"" junto com os professores Raoni Rocha e Sandra Gemma";É coordenador do grupo de pesquisa NPro (DEP-UFSCar);Recebeu em 2015 e 2016 homenagens por Contribuição à Promoção da Inovação - Desenvolvimento da Propriedade Intelectual da UFSCar pela Reitoria e Agência de Inovação da UFSCar;Em 2018 foi coautor do estudo que recebeu o prêmio KU Smith Student Award da International Ergonomics Association (IEA);Suas inhas de pesquisa são Gamificação e Ergonomia - Projeto de situações Produtivas;É um dos organizadores do grupo JOPE - Jovens Pesquisa em Ergonomia
Pessoa;Fausto Leopoldo Mascia;Possui graduação em Engenharia Mecânica pela Universidade Federal de Uberlândia (1984);Fez mestrado em Engenharia de Produção pela Universidade Federal de Santa Catarina (1989);Possui doutorado em Ergonomia - Ecole Pratique des Hautes Etudes (Paris - 2001);Tem experiência na área de Engenharia de Produção, com ênfase em Ergonomia;Tem atuação nos seguintes temas: ergonomia aplicada ao setor de serviços, ergonomia aplicada ao desenvolvimento de produtos;Ergonomia e projetos, metodos de analise do trabalho em ergonomia são temas de sua atuação ;É um dos autores do livro Ergonomia e Usabilidade - Em Ambiente Virtual de Aprendizagem;Possui vinculo institucional atual com a Escola Politécnica da USP;Avance 3 casas;Volte 2 casas;Conforto aplicado a veiculos de transporte de passageiros e Ergonomia e saúde do trabalhador são algumas de suas linhas de pesquisa ;É um dos organizadores do caderno TTO - Trabalho, Tecnologia e Organização
Pessoa;Nilton Luiz Menegon;Possui graduação em Engenharia Mecanica pela Universidade Federal de Santa Catarina (1987);No ano de 1993 fez mestrado em Engenharia de Produção pela Universidade Federal de Santa Catarina;Fez doutorado em Engenharia de Produção pela Universidade Federal do Rio de Janeiro (2003);Atualmente é professor adjunto da Universidade Federal de São Carlos;"É carinhosamente chamado pelo amigos de ""Menega""";Atua principalmente nos seguintes temas: ergonomia, análise ergonômica do trabalho, engenharia de produção, saúde e projeto de situações produtivas;Avance 3 casas;Volte 2 casas;Em 2013 recebeu Honra ao Mérito pela Participação no Desenvolvimento da Propriedade Intelectual da UFSCar, Agência de Inovação da UFSCar;Recebeu o reconhecimento de Melhor Artigo na área temático de Ergonomia e Segurança no Trabalho, XVI SIMPEP em 2009;No ano de 2007 recebeu o Prêmio de Qualidade Técnica e de Apresentação - Aplicações de Tecnologia de Simulação Humana em Projetos de Situações Produtivas, ABEPRO ;É participante da obra Desarrollo de Laboratorios Virtuales Utilizando la Similación en Computadoras
Pessoa;João Alberto Camarotto;Professor Titular da Universidade Federal de São Carlos;Membro do Departamento de Engenharia da Produção da Universidade Federal de São Carlos;Sua área de pesquisa é em Ergonomia, Projeto do Trabalho e Projeto de Unidades Produtivas;Pesquisador do Programa de Pós graduação em Gestão da Produção/UFSCar e do Laboratório de Ergonomia, Simulação e projeto de Situações produtivas;Possui pós doutorado em Engenharia Industrial na Universidade Politécnica de Madrid (2006);Fez mestrado em Engenharia de Produção na UFRJ (em 1983) e o doutorado em Arquitetura e Urbanismo pela USP (em 1998);"É carinhosamente chamado pelos amigos de ""Cama""";Realizou sua graduação em Engenharia Mecânica na Universidade de Brasília (1976);Volte 2 casas;Avance 3 casas;Em 2014 recebeu o prêmio Best Paper - Primeiro Lugar na Área Temática Educação em Engenharia de Produção no XXI Simpósio de Engenharia de Produção - Unesp, Universidade Estadual.;Foi membro da equipe técnica da obra  O Novo Ciclo da Cana: Estudo sobre Competitividade do Sistema Agroindustrial da Cana-de-Açúcar e Prospecção de Novos Empreendimentos
Pessoa;Rodolfo Andrade de Gouveia Vilela;Graduado em Engenharia Mecânica pela Universidade de São Paulo (1977);É especialista em Engenharia de Segurança do Trabalho pela FAAP/SP e Especialista em Ergonomia pela UNIMEP convênio com a UFMG (2006);É Mestre e Doutor em Saúde Coletiva pela Universidade Estadual de Campinas (1998) ;Sendo um Engenheiro que atua na área da Saúde Pública, é um grande defensor da interdisciplinaridade;Foi Coordenador do CEREST Piracicaba por 7 anos;Fez Pós Doutorado em 2013 na Helsinki University, Center for Research on Activity Development and Learning - CRADLE;É pesquisador sênior com atividades de pesquisa e extensão bem como orientação de Pós Graduação e supervisor de Pós Doutorado junto à Faculdade de Saúde Pública da USP/ SP capital - Departamento de Saúde Ambiental;Atua na área de Ergonomia, Segurança e Saúde do Trabalhador;Tem experiência em pesquisa, ensino e políticas públicas na área de saúde do trabalhador, análise e prevenção de acidentes, outros riscos relacionados ao trabalho e riscos tecnológicos;Desenvolve pesquisa com a metodologia do Laboratório de Mudanças apoiado na abordagem da teoria da atividade histórico cultural;Avance 3 casas;Volte 1 casa
Pessoa;Ildeberto Muniz de Almeida;Graduado em Medicina pela Universidade Federal do Espírito Santo (1980);Fez mestrado (em 1996) e doutorado (em 2000) em Saúde Pública pela Universidade de São Paulo;Atualmente é docente do Depto de Saúde Pública da Faculdade de Medicina de Botucatu, Universidade Estadual Paulista Júlio de Mesquita Filho (UNESP);Tem experiência na área de Saúde Coletiva com ênfase em Saúde do Trabalhador;Atua principalmente nos seguintes temas: acidentes do trabalho, prevenção de acidentes, análise de acidentes, concepções de acidentes e saúde do trabalhador;Volte 2 casas;Avance 3 casas;Fez especialização em Ergonomia em 2004 a 2006 pela Universidade Metodista de Piracicaba;Gosta de ser chamado de Prof. Pará;Junto com o Prof. Rodolfo Vilela, é criador do MAPA - Modelo de Análise e Prevenção de Acidentes;Em 2019, recebeu o Prêmio Dr Diogo Pupo Nogueira - Práticas bem sucedidas em Saúde e Segurança do Trabalho na Categoria Bronze no 17º Congresso Nacional da ANAMT;Foi premiado na modalidade Resumos de Relatos de Pesquisa 11 Cong Paulista de Saúde Pública, Associação Paulista de Saúde Pública - APS
Pessoa;Tays Torres Ribeiro das Chagas;Graduada em Engenharia de Produção pela Universidade Federal de Ouro Preto (2005);Fez mestrado em Engenharia de Materiais pela Universidade Federal de Ouro Preto (2008);Atualmente é professora efetiva da Universidade Federal de Ouro Preto, na área de Engenharia de Produção, com ênfase em Engenharia do Trabalho, Ergonomia e Engenharia Social;É doutora em Administração de Empresas pela Fundação Getúlio Vargas (2018);Volte 3 casas;Atua no desenvolvimento de pesquisas relacionadas à terceirização;É pesquisadora no grupo de pesquisa Garimpo da atividade: Trabalho, Educação e Formação de Professores, vinculado ao Cnpq, da Pontifícia Universidade Católica de Minas Gerais;Estuda sobre o processo de adoecimento vinculado ao trabalho e às condições laborais dos trabalhadores que estão na informalidade;É uma das coordenadoras do projeto do Jogo de Ergonomia;Atualmente é a chefe do Departamento de Engenharia de Produção Administração e Economia da Universidade Federal de Ouro Preto;O trabalho artesanal de Pedra sabão foi tema de seu doutorado e de um projeto de extensão;Em 2005, foi entitulada como melhor Trabalho na Área de Ciências Aplicadas e Engenharias, CNPq
Pessoa;Frida Marina Fischer;Graduada em Ciências Biológicas pela Universidade de São Paulo (1971);Fez mestrado e doutorado em Saúde Pública pela Universidade de São Paulo(1980, 1984);Realizou pós-doutorado no Institute of Occupational Health (Dortmund, Alemanha, 1984);Possui especialização em Ergonomia (Instituto de Psicologia da USP);Desde agosto de 1998 é professora titular da Universidade de São Paulo;Faz parte do Conselho Científico da Associação Brasileira de Ergonomia;É membro da Associação Nacional de Medicina do Trabalho;Tem experiência em pesquisa e ensino na área de Saúde Coletiva, Saúde Pública, com ênfase em Saúde do Trabalhador;Atua principalmente nos seguintes temas: ergonomia, doenças relacionadas ao trabalho, organização do trabalho, trabalho em turnos e noturno, envelhecimento funcional precoce (early aging), trabalho de jovens adultos e de adolescentes;Volte 1 casa;Em 2012 recebeu o título de Fellow da International Ergonomics Association;Avance 2 casas
Pessoa;Maria Adelaide Araújo do Nascimento;Graduada em Fisioterapia pela Universidade Federal da Paraíba (2004);Fez mestrado em Engenharia de Produção pela Universidade Federal da Paranaíba(2005);Possui mestrado em Ergonomia pelo Conservatoire National des Arts et Métiers (CNAM) de Paris, França;É residente atualmente na França e Maîtresse de Conférences no Conservatoire National des Arts et Métiers - CNAM;Umas das áreas mais focadas de suas pesquisas é confiabilidade humana e organizacional, especialmente no campo da segurança dos pacientes, com um interesses relacionados com a cultura de segurança;Avance 1 casa ;Uma das áreas também de atenção as suas pesquisas é as relações entre desempenho e saúde, particularmente em contextos de mudança organizacional;Volte 1 casa;Suas áreas de atuação são: ciências da saúde, fisioterapia, terapia ocupacional e ergonomia;Possui doutorado em Ergonomia pelo Conservatoire National des Arts et Métiers (CNAM) de Paris, França;Em 2019 recebeu livre docência pelo Conservatoire National des Arts et Métiers, CNAM, França;Foi uma das organizadoras do encontro Nordestino de Estudantes de Fisioterapia/Encontro Nacional de Estudantes de Fisioterapia em 2002
Pessoa;Ada Ávila Assunção;Graduada em Medicina pela Universidade Federal de Uberlândia (1984);Fez especialização em Residência Médica Medicina Preventiva e Social pela Universidade Federal de Minas Gerais (1987);Fez especialização em Medicina do Trabalho pela Universidade Federal de Minas Gerais (1987);Fez mestrado em Ergonomia pela École Pratique Des Hautes Études, EPHE, França (1993);Fez doutorado em Ergonomia pela École Pratique Des Hautes Études, EPHE, França (1998);É professora Titular na Faculdade de Medicina da Universidade Federal de Minas Gerais;Avance 2 casas;Coordena o Núcleo de Estudos Saúde e Trabalho da Universidade Federal de Minas Gerais;Desenvolve pesquisas sobre saúde dos trabalhadores dos serviços de saúde, da educação básica, do transporte coletivo urbano e do judiciário;Elabora instrumentos e ferramentas para apoiar políticas de recursos humanos em saúde no âmbito do Ministério da Saúde do Brasil;É editora-Chefe da Revista Brasileira de Saúde Ocupacional;Volte 1 casa
Pessoa;José Marçal Jackson Filho;Avance 2 casas;Volte 2 casas;Graduado em Engenharia de Minas pela Universidade de São Paulo (1987);Possui mestrado em Ergonomia pelo Conservatoire National des Arts et Métiers (1991);É doutorado em Ergonomie pelo Conservatoire National des Arts et Métiers (1998);É o pesquisador titular III da Fundação Jorge Duprat Figueiredo de Segurança e Medicina do Trabalho;Desenvolve pesquisas em Ergonomia e sua relação com o campo da Saúde do Trabalhador e da Segurança industrial;Atua sobre saúde e trabalho no serviço público;Atua sobre o desenvolvimento das atividades de agentes públicos no campo da Saúde do Trabalhador;Faz a análise e investigação de acidentes e catástrofes industriais;É editor-chefe da Revista Brasileira de Saúde Ocupacional desde 2006;É residente no Rio de Janeiro atualmente
